"","REGION","EGEOLOC","q3_age","SUD_Type","StUD_Year","n","freq"
"1",1,4,"Adolescent","All",2009,6,0.0757002271006813
"2",1,4,"Adolescent","All",2010,5,0.0630835225839011
"3",1,4,"Adolescent","All",2011,5,0.0630835225839011
"4",1,4,"Adolescent","All",2012,5,0.0630835225839011
"5",1,4,"Adolescent","All",2013,6,0.0757002271006813
"6",1,4,"Adolescent","All",2014,4,0.0504668180671209
"7",1,4,"Adolescent","All",2015,1,0.0126167045167802
"8",1,4,"Adolescent","Cocaine",2009,14,0.176633863234923
"9",1,4,"Adolescent","Cocaine",2010,17,0.214483976785264
"10",1,4,"Adolescent","Cocaine",2011,10,0.126167045167802
"11",1,4,"Adolescent","Cocaine",2012,9,0.113550340651022
"12",1,4,"Adolescent","Cocaine",2013,9,0.113550340651022
"13",1,4,"Adolescent","Cocaine",2014,7,0.0883169316174615
"14",1,4,"Adolescent","Cocaine",2015,3,0.0378501135503407
"15",1,5,"Adolescent","All",2009,3,0.0378501135503407
"16",1,5,"Adolescent","All",2010,3,0.0378501135503407
"17",1,5,"Adolescent","All",2011,3,0.0378501135503407
"18",1,5,"Adolescent","All",2012,7,0.0883169316174615
"19",1,5,"Adolescent","All",2013,1,0.0126167045167802
"20",1,5,"Adolescent","All",2015,1,0.0126167045167802
"21",1,5,"Adolescent","Cocaine",2010,1,0.0126167045167802
"22",1,5,"Adolescent","Cocaine",2011,4,0.0504668180671209
"23",1,5,"Adolescent","Cocaine",2012,2,0.0252334090335604
"24",1,5,"Adolescent","Cocaine",2013,1,0.0126167045167802
"25",1,5,"Adolescent","Cocaine",2014,1,0.0126167045167802
"26",1,6,"Adolescent","All",2009,6,0.0757002271006813
"27",1,6,"Adolescent","All",2010,4,0.0504668180671209
"28",1,6,"Adolescent","All",2011,9,0.113550340651022
"29",1,6,"Adolescent","All",2012,8,0.100933636134242
"30",1,6,"Adolescent","All",2013,7,0.0883169316174615
"31",1,6,"Adolescent","All",2014,2,0.0252334090335604
"32",1,6,"Adolescent","All",2015,4,0.0504668180671209
"33",1,6,"Adolescent","Cocaine",2009,5,0.0630835225839011
"34",1,6,"Adolescent","Cocaine",2010,4,0.0504668180671209
"35",1,6,"Adolescent","Cocaine",2011,7,0.0883169316174615
"36",1,6,"Adolescent","Cocaine",2012,11,0.138783749684582
"37",1,6,"Adolescent","Cocaine",2013,6,0.0757002271006813
"38",1,6,"Adolescent","Cocaine",2014,6,0.0757002271006813
"39",1,6,"Adolescent","Cocaine",2015,4,0.0504668180671209
"40",1,7,"Adolescent","All",2009,5,0.0630835225839011
"41",1,7,"Adolescent","All",2010,2,0.0252334090335604
"42",1,7,"Adolescent","All",2011,4,0.0504668180671209
"43",1,7,"Adolescent","All",2012,2,0.0252334090335604
"44",1,7,"Adolescent","All",2014,3,0.0378501135503407
"45",1,7,"Adolescent","All",2015,1,0.0126167045167802
"46",1,7,"Adolescent","Cocaine",2009,5,0.0630835225839011
"47",1,7,"Adolescent","Cocaine",2010,3,0.0378501135503407
"48",1,7,"Adolescent","Cocaine",2011,3,0.0378501135503407
"49",1,7,"Adolescent","Cocaine",2012,3,0.0378501135503407
"50",1,7,"Adolescent","Cocaine",2013,1,0.0126167045167802
"51",1,7,"Adolescent","Cocaine",2014,3,0.0378501135503407
"52",1,8,"Adolescent","All",2010,1,0.0126167045167802
"53",1,8,"Adolescent","All",2011,2,0.0252334090335604
"54",1,8,"Adolescent","All",2012,4,0.0504668180671209
"55",1,8,"Adolescent","All",2013,1,0.0126167045167802
"56",1,8,"Adolescent","Cocaine",2010,3,0.0378501135503407
"57",1,8,"Adolescent","Cocaine",2011,2,0.0252334090335604
"58",1,8,"Adolescent","Cocaine",2012,1,0.0126167045167802
"59",1,8,"Adolescent","Cocaine",2014,1,0.0126167045167802
"60",1,11,"Adolescent","All",2009,4,0.0504668180671209
"61",1,11,"Adolescent","All",2010,9,0.113550340651022
"62",1,11,"Adolescent","All",2011,13,0.164017158718143
"63",1,11,"Adolescent","All",2012,8,0.100933636134242
"64",1,11,"Adolescent","All",2013,11,0.138783749684582
"65",1,11,"Adolescent","All",2014,12,0.151400454201363
"66",1,11,"Adolescent","All",2015,2,0.0252334090335604
"67",1,11,"Adolescent","Cocaine",2009,8,0.100933636134242
"68",1,11,"Adolescent","Cocaine",2010,16,0.201867272268483
"69",1,11,"Adolescent","Cocaine",2011,16,0.201867272268483
"70",1,11,"Adolescent","Cocaine",2012,15,0.189250567751703
"71",1,11,"Adolescent","Cocaine",2013,9,0.113550340651022
"72",1,11,"Adolescent","Cocaine",2014,7,0.0883169316174615
"73",1,11,"Adolescent","Cocaine",2015,4,0.0504668180671209
"74",1,12,"Adolescent","All",2009,6,0.0757002271006813
"75",1,12,"Adolescent","All",2010,28,0.353267726469846
"76",1,12,"Adolescent","All",2011,33,0.416351249053747
"77",1,12,"Adolescent","All",2012,44,0.555134998738329
"78",1,12,"Adolescent","All",2013,48,0.60560181680545
"79",1,12,"Adolescent","All",2014,31,0.391117840020187
"80",1,12,"Adolescent","All",2015,29,0.365884430986626
"81",1,12,"Adolescent","Cocaine",2009,25,0.315417612919505
"82",1,12,"Adolescent","Cocaine",2010,42,0.529901589704769
"83",1,12,"Adolescent","Cocaine",2011,82,1.03456977037598
"84",1,12,"Adolescent","Cocaine",2012,88,1.11026999747666
"85",1,12,"Adolescent","Cocaine",2013,66,0.832702498107494
"86",1,12,"Adolescent","Cocaine",2014,53,0.668685339389352
"87",1,12,"Adolescent","Cocaine",2015,38,0.479434771637648
"88",1,13,"Adolescent","All",2009,18,0.227100681302044
"89",1,13,"Adolescent","All",2010,33,0.416351249053747
"90",1,13,"Adolescent","All",2011,33,0.416351249053747
"91",1,13,"Adolescent","All",2012,35,0.441584658087308
"92",1,13,"Adolescent","All",2013,7,0.0883169316174615
"93",1,13,"Adolescent","All",2014,24,0.302800908402725
"94",1,13,"Adolescent","All",2015,11,0.138783749684582
"95",1,13,"Adolescent","Cocaine",2009,34,0.428967953570527
"96",1,13,"Adolescent","Cocaine",2010,47,0.59298511228867
"97",1,13,"Adolescent","Cocaine",2011,38,0.479434771637648
"98",1,13,"Adolescent","Cocaine",2012,31,0.391117840020187
"99",1,13,"Adolescent","Cocaine",2013,11,0.138783749684582
"100",1,13,"Adolescent","Cocaine",2014,19,0.239717385818824
"101",1,13,"Adolescent","Cocaine",2015,10,0.126167045167802
"102",2,16,"Adolescent","All",2009,30,0.378501135503407
"103",2,16,"Adolescent","All",2010,30,0.378501135503407
"104",2,16,"Adolescent","All",2011,56,0.706535452939692
"105",2,16,"Adolescent","All",2012,59,0.744385566490033
"106",2,16,"Adolescent","All",2013,17,0.214483976785264
"107",2,16,"Adolescent","All",2014,16,0.201867272268483
"108",2,16,"Adolescent","All",2015,14,0.176633863234923
"109",2,16,"Adolescent","Cocaine",2009,47,0.59298511228867
"110",2,16,"Adolescent","Cocaine",2010,82,1.03456977037598
"111",2,16,"Adolescent","Cocaine",2011,57,0.719152157456472
"112",2,16,"Adolescent","Cocaine",2012,53,0.668685339389352
"113",2,16,"Adolescent","Cocaine",2013,7,0.0883169316174615
"114",2,16,"Adolescent","Cocaine",2014,9,0.113550340651022
"115",2,16,"Adolescent","Cocaine",2015,6,0.0757002271006813
"116",2,17,"Adolescent","All",2009,10,0.126167045167802
"117",2,17,"Adolescent","All",2010,21,0.264950794852385
"118",2,17,"Adolescent","All",2011,37,0.466818067120868
"119",2,17,"Adolescent","All",2012,21,0.264950794852385
"120",2,17,"Adolescent","All",2013,16,0.201867272268483
"121",2,17,"Adolescent","All",2014,18,0.227100681302044
"122",2,17,"Adolescent","All",2015,6,0.0757002271006813
"123",2,17,"Adolescent","Cocaine",2009,5,0.0630835225839011
"124",2,17,"Adolescent","Cocaine",2010,8,0.100933636134242
"125",2,17,"Adolescent","Cocaine",2011,16,0.201867272268483
"126",2,17,"Adolescent","Cocaine",2012,8,0.100933636134242
"127",2,17,"Adolescent","Cocaine",2013,8,0.100933636134242
"128",2,17,"Adolescent","Cocaine",2014,7,0.0883169316174615
"129",2,17,"Adolescent","Cocaine",2015,2,0.0252334090335604
"130",2,18,"Adolescent","All",2009,8,0.100933636134242
"131",2,18,"Adolescent","All",2010,18,0.227100681302044
"132",2,18,"Adolescent","All",2011,9,0.113550340651022
"133",2,18,"Adolescent","All",2012,16,0.201867272268483
"134",2,18,"Adolescent","All",2013,21,0.264950794852385
"135",2,18,"Adolescent","All",2014,15,0.189250567751703
"136",2,18,"Adolescent","All",2015,10,0.126167045167802
"137",2,18,"Adolescent","Cocaine",2009,4,0.0504668180671209
"138",2,18,"Adolescent","Cocaine",2010,15,0.189250567751703
"139",2,18,"Adolescent","Cocaine",2011,10,0.126167045167802
"140",2,18,"Adolescent","Cocaine",2012,4,0.0504668180671209
"141",2,18,"Adolescent","Cocaine",2013,7,0.0883169316174615
"142",2,18,"Adolescent","Cocaine",2014,10,0.126167045167802
"143",2,18,"Adolescent","Cocaine",2015,13,0.164017158718143
"144",2,19,"Adolescent","All",2009,8,0.100933636134242
"145",2,19,"Adolescent","All",2010,14,0.176633863234923
"146",2,19,"Adolescent","All",2011,17,0.214483976785264
"147",2,19,"Adolescent","All",2012,26,0.328034317436286
"148",2,19,"Adolescent","All",2013,28,0.353267726469846
"149",2,19,"Adolescent","All",2014,14,0.176633863234923
"150",2,19,"Adolescent","All",2015,11,0.138783749684582
"151",2,19,"Adolescent","Cocaine",2009,12,0.151400454201363
"152",2,19,"Adolescent","Cocaine",2010,14,0.176633863234923
"153",2,19,"Adolescent","Cocaine",2011,26,0.328034317436286
"154",2,19,"Adolescent","Cocaine",2012,19,0.239717385818824
"155",2,19,"Adolescent","Cocaine",2013,19,0.239717385818824
"156",2,19,"Adolescent","Cocaine",2014,11,0.138783749684582
"157",2,19,"Adolescent","Cocaine",2015,8,0.100933636134242
"158",2,20,"Adolescent","All",2009,3,0.0378501135503407
"159",2,20,"Adolescent","All",2010,17,0.214483976785264
"160",2,20,"Adolescent","All",2011,14,0.176633863234923
"161",2,20,"Adolescent","All",2012,8,0.100933636134242
"162",2,20,"Adolescent","All",2013,12,0.151400454201363
"163",2,20,"Adolescent","All",2014,15,0.189250567751703
"164",2,20,"Adolescent","All",2015,10,0.126167045167802
"165",2,20,"Adolescent","Cocaine",2009,2,0.0252334090335604
"166",2,20,"Adolescent","Cocaine",2010,8,0.100933636134242
"167",2,20,"Adolescent","Cocaine",2011,6,0.0757002271006813
"168",2,20,"Adolescent","Cocaine",2012,6,0.0757002271006813
"169",2,20,"Adolescent","Cocaine",2013,8,0.100933636134242
"170",2,20,"Adolescent","Cocaine",2014,9,0.113550340651022
"171",2,20,"Adolescent","Cocaine",2015,4,0.0504668180671209
"172",2,22,"Adolescent","All",2009,9,0.113550340651022
"173",2,22,"Adolescent","All",2010,10,0.126167045167802
"174",2,22,"Adolescent","All",2011,10,0.126167045167802
"175",2,22,"Adolescent","All",2012,9,0.113550340651022
"176",2,22,"Adolescent","All",2013,6,0.0757002271006813
"177",2,22,"Adolescent","All",2014,5,0.0630835225839011
"178",2,22,"Adolescent","All",2015,5,0.0630835225839011
"179",2,22,"Adolescent","Cocaine",2009,8,0.100933636134242
"180",2,22,"Adolescent","Cocaine",2010,5,0.0630835225839011
"181",2,22,"Adolescent","Cocaine",2011,1,0.0126167045167802
"182",2,22,"Adolescent","Cocaine",2012,1,0.0126167045167802
"183",2,22,"Adolescent","Cocaine",2013,2,0.0252334090335604
"184",2,22,"Adolescent","Cocaine",2014,1,0.0126167045167802
"185",2,23,"Adolescent","All",2009,1,0.0126167045167802
"186",2,23,"Adolescent","All",2010,5,0.0630835225839011
"187",2,23,"Adolescent","All",2011,6,0.0757002271006813
"188",2,23,"Adolescent","All",2012,15,0.189250567751703
"189",2,23,"Adolescent","All",2013,12,0.151400454201363
"190",2,23,"Adolescent","All",2014,6,0.0757002271006813
"191",2,23,"Adolescent","All",2015,2,0.0252334090335604
"192",2,23,"Adolescent","Cocaine",2009,2,0.0252334090335604
"193",2,23,"Adolescent","Cocaine",2010,6,0.0757002271006813
"194",2,23,"Adolescent","Cocaine",2011,1,0.0126167045167802
"195",2,23,"Adolescent","Cocaine",2012,2,0.0252334090335604
"196",2,23,"Adolescent","Cocaine",2014,1,0.0126167045167802
"197",2,24,"Adolescent","All",2009,6,0.0757002271006813
"198",2,24,"Adolescent","All",2010,16,0.201867272268483
"199",2,24,"Adolescent","All",2011,19,0.239717385818824
"200",2,24,"Adolescent","All",2012,18,0.227100681302044
"201",2,24,"Adolescent","All",2013,16,0.201867272268483
"202",2,24,"Adolescent","All",2014,15,0.189250567751703
"203",2,24,"Adolescent","All",2015,3,0.0378501135503407
"204",2,24,"Adolescent","Cocaine",2009,2,0.0252334090335604
"205",2,24,"Adolescent","Cocaine",2010,2,0.0252334090335604
"206",2,24,"Adolescent","Cocaine",2011,10,0.126167045167802
"207",2,24,"Adolescent","Cocaine",2012,7,0.0883169316174615
"208",2,24,"Adolescent","Cocaine",2013,2,0.0252334090335604
"209",2,24,"Adolescent","Cocaine",2015,2,0.0252334090335604
"210",2,25,"Adolescent","All",2009,2,0.0252334090335604
"211",2,25,"Adolescent","All",2010,11,0.138783749684582
"212",2,25,"Adolescent","All",2011,11,0.138783749684582
"213",2,25,"Adolescent","All",2012,18,0.227100681302044
"214",2,25,"Adolescent","All",2013,20,0.252334090335604
"215",2,25,"Adolescent","All",2014,15,0.189250567751703
"216",2,25,"Adolescent","All",2015,14,0.176633863234923
"217",2,25,"Adolescent","Cocaine",2009,5,0.0630835225839011
"218",2,25,"Adolescent","Cocaine",2010,11,0.138783749684582
"219",2,25,"Adolescent","Cocaine",2011,8,0.100933636134242
"220",2,25,"Adolescent","Cocaine",2012,5,0.0630835225839011
"221",2,25,"Adolescent","Cocaine",2013,3,0.0378501135503407
"222",2,25,"Adolescent","Cocaine",2014,4,0.0504668180671209
"223",2,25,"Adolescent","Cocaine",2015,3,0.0378501135503407
"224",2,26,"Adolescent","All",2009,3,0.0378501135503407
"225",2,26,"Adolescent","All",2010,4,0.0504668180671209
"226",2,26,"Adolescent","All",2011,2,0.0252334090335604
"227",2,26,"Adolescent","All",2012,5,0.0630835225839011
"228",2,26,"Adolescent","All",2013,3,0.0378501135503407
"229",2,26,"Adolescent","All",2014,3,0.0378501135503407
"230",2,26,"Adolescent","All",2015,6,0.0757002271006813
"231",2,26,"Adolescent","Cocaine",2010,2,0.0252334090335604
"232",2,26,"Adolescent","Cocaine",2012,6,0.0757002271006813
"233",2,26,"Adolescent","Cocaine",2013,2,0.0252334090335604
"234",2,26,"Adolescent","Cocaine",2014,1,0.0126167045167802
"235",2,26,"Adolescent","Cocaine",2015,1,0.0126167045167802
"236",2,27,"Adolescent","All",2010,1,0.0126167045167802
"237",2,27,"Adolescent","All",2011,2,0.0252334090335604
"238",2,27,"Adolescent","All",2012,2,0.0252334090335604
"239",2,27,"Adolescent","All",2013,2,0.0252334090335604
"240",2,27,"Adolescent","All",2014,3,0.0378501135503407
"241",2,27,"Adolescent","Cocaine",2009,1,0.0126167045167802
"242",2,28,"Adolescent","All",2009,3,0.0378501135503407
"243",2,28,"Adolescent","All",2011,1,0.0126167045167802
"244",2,28,"Adolescent","All",2012,3,0.0378501135503407
"245",2,28,"Adolescent","All",2013,1,0.0126167045167802
"246",2,28,"Adolescent","All",2014,3,0.0378501135503407
"247",2,28,"Adolescent","All",2015,2,0.0252334090335604
"248",2,28,"Adolescent","Cocaine",2010,1,0.0126167045167802
"249",2,28,"Adolescent","Cocaine",2011,1,0.0126167045167802
"250",2,28,"Adolescent","Cocaine",2012,1,0.0126167045167802
"251",3,4,"Adolescent","Cocaine",2009,1,0.0126167045167802
"252",3,4,"Adolescent","Cocaine",2010,1,0.0126167045167802
"253",3,6,"Adolescent","All",2011,1,0.0126167045167802
"254",3,6,"Adolescent","All",2013,1,0.0126167045167802
"255",3,6,"Adolescent","Cocaine",2012,1,0.0126167045167802
"256",3,8,"Adolescent","Cocaine",2013,1,0.0126167045167802
"257",3,31,"Adolescent","Cocaine",2009,2,0.0252334090335604
"258",3,32,"Adolescent","All",2010,2,0.0252334090335604
"259",3,32,"Adolescent","All",2011,1,0.0126167045167802
"260",3,32,"Adolescent","All",2012,2,0.0252334090335604
"261",3,32,"Adolescent","All",2013,1,0.0126167045167802
"262",3,32,"Adolescent","All",2014,1,0.0126167045167802
"263",3,32,"Adolescent","Cocaine",2009,3,0.0378501135503407
"264",3,32,"Adolescent","Cocaine",2010,1,0.0126167045167802
"265",3,32,"Adolescent","Cocaine",2011,4,0.0504668180671209
"266",3,32,"Adolescent","Cocaine",2012,2,0.0252334090335604
"267",3,32,"Adolescent","Cocaine",2015,3,0.0378501135503407
"268",3,33,"Adolescent","All",2009,5,0.0630835225839011
"269",3,33,"Adolescent","All",2010,13,0.164017158718143
"270",3,33,"Adolescent","All",2011,11,0.138783749684582
"271",3,33,"Adolescent","All",2012,18,0.227100681302044
"272",3,33,"Adolescent","All",2013,26,0.328034317436286
"273",3,33,"Adolescent","All",2014,25,0.315417612919505
"274",3,33,"Adolescent","All",2015,9,0.113550340651022
"275",3,33,"Adolescent","Cocaine",2009,13,0.164017158718143
"276",3,33,"Adolescent","Cocaine",2010,16,0.201867272268483
"277",3,33,"Adolescent","Cocaine",2011,12,0.151400454201363
"278",3,33,"Adolescent","Cocaine",2012,37,0.466818067120868
"279",3,33,"Adolescent","Cocaine",2013,21,0.264950794852385
"280",3,33,"Adolescent","Cocaine",2014,20,0.252334090335604
"281",3,33,"Adolescent","Cocaine",2015,15,0.189250567751703
"282",3,34,"Adolescent","All",2009,8,0.100933636134242
"283",3,34,"Adolescent","All",2010,16,0.201867272268483
"284",3,34,"Adolescent","All",2011,32,0.403734544536967
"285",3,34,"Adolescent","All",2012,14,0.176633863234923
"286",3,34,"Adolescent","All",2013,20,0.252334090335604
"287",3,34,"Adolescent","All",2014,24,0.302800908402725
"288",3,34,"Adolescent","All",2015,11,0.138783749684582
"289",3,34,"Adolescent","Cocaine",2009,8,0.100933636134242
"290",3,34,"Adolescent","Cocaine",2010,14,0.176633863234923
"291",3,34,"Adolescent","Cocaine",2011,16,0.201867272268483
"292",3,34,"Adolescent","Cocaine",2012,13,0.164017158718143
"293",3,34,"Adolescent","Cocaine",2013,15,0.189250567751703
"294",3,34,"Adolescent","Cocaine",2014,15,0.189250567751703
"295",3,34,"Adolescent","Cocaine",2015,6,0.0757002271006813
"296",3,35,"Adolescent","All",2009,7,0.0883169316174615
"297",3,35,"Adolescent","All",2010,3,0.0378501135503407
"298",3,35,"Adolescent","All",2011,5,0.0630835225839011
"299",3,35,"Adolescent","All",2012,4,0.0504668180671209
"300",3,35,"Adolescent","All",2013,2,0.0252334090335604
"301",3,35,"Adolescent","All",2014,2,0.0252334090335604
"302",3,35,"Adolescent","All",2015,5,0.0630835225839011
"303",3,35,"Adolescent","Cocaine",2009,17,0.214483976785264
"304",3,35,"Adolescent","Cocaine",2010,8,0.100933636134242
"305",3,35,"Adolescent","Cocaine",2011,6,0.0757002271006813
"306",3,35,"Adolescent","Cocaine",2012,4,0.0504668180671209
"307",3,35,"Adolescent","Cocaine",2013,5,0.0630835225839011
"308",3,35,"Adolescent","Cocaine",2014,7,0.0883169316174615
"309",3,35,"Adolescent","Cocaine",2015,1,0.0126167045167802
"310",3,36,"Adolescent","All",2009,3,0.0378501135503407
"311",3,36,"Adolescent","All",2010,3,0.0378501135503407
"312",3,36,"Adolescent","All",2011,10,0.126167045167802
"313",3,36,"Adolescent","All",2012,12,0.151400454201363
"314",3,36,"Adolescent","All",2013,3,0.0378501135503407
"315",3,36,"Adolescent","All",2014,8,0.100933636134242
"316",3,36,"Adolescent","All",2015,5,0.0630835225839011
"317",3,36,"Adolescent","Cocaine",2009,4,0.0504668180671209
"318",3,36,"Adolescent","Cocaine",2010,12,0.151400454201363
"319",3,36,"Adolescent","Cocaine",2011,24,0.302800908402725
"320",3,36,"Adolescent","Cocaine",2012,13,0.164017158718143
"321",3,36,"Adolescent","Cocaine",2013,7,0.0883169316174615
"322",3,36,"Adolescent","Cocaine",2014,14,0.176633863234923
"323",3,36,"Adolescent","Cocaine",2015,6,0.0757002271006813
"324",3,37,"Adolescent","All",2009,3,0.0378501135503407
"325",3,37,"Adolescent","All",2010,12,0.151400454201363
"326",3,37,"Adolescent","All",2011,19,0.239717385818824
"327",3,37,"Adolescent","All",2012,15,0.189250567751703
"328",3,37,"Adolescent","All",2013,20,0.252334090335604
"329",3,37,"Adolescent","All",2014,22,0.277567499369165
"330",3,37,"Adolescent","All",2015,22,0.277567499369165
"331",3,37,"Adolescent","Cocaine",2009,3,0.0378501135503407
"332",3,37,"Adolescent","Cocaine",2010,13,0.164017158718143
"333",3,37,"Adolescent","Cocaine",2011,14,0.176633863234923
"334",3,37,"Adolescent","Cocaine",2012,15,0.189250567751703
"335",3,37,"Adolescent","Cocaine",2013,12,0.151400454201363
"336",3,37,"Adolescent","Cocaine",2014,16,0.201867272268483
"337",3,37,"Adolescent","Cocaine",2015,16,0.201867272268483
"338",3,38,"Adolescent","All",2009,7,0.0883169316174615
"339",3,38,"Adolescent","All",2010,6,0.0757002271006813
"340",3,38,"Adolescent","All",2011,7,0.0883169316174615
"341",3,38,"Adolescent","All",2012,4,0.0504668180671209
"342",3,38,"Adolescent","All",2013,4,0.0504668180671209
"343",3,38,"Adolescent","All",2014,9,0.113550340651022
"344",3,38,"Adolescent","All",2015,3,0.0378501135503407
"345",3,38,"Adolescent","Cocaine",2009,2,0.0252334090335604
"346",3,38,"Adolescent","Cocaine",2010,4,0.0504668180671209
"347",3,38,"Adolescent","Cocaine",2011,3,0.0378501135503407
"348",3,38,"Adolescent","Cocaine",2012,3,0.0378501135503407
"349",3,38,"Adolescent","Cocaine",2013,4,0.0504668180671209
"350",3,38,"Adolescent","Cocaine",2014,6,0.0757002271006813
"351",3,38,"Adolescent","Cocaine",2015,3,0.0378501135503407
"352",3,39,"Adolescent","All",2009,2,0.0252334090335604
"353",3,39,"Adolescent","All",2010,3,0.0378501135503407
"354",3,39,"Adolescent","All",2011,9,0.113550340651022
"355",3,39,"Adolescent","All",2012,4,0.0504668180671209
"356",3,39,"Adolescent","All",2013,3,0.0378501135503407
"357",3,39,"Adolescent","All",2014,2,0.0252334090335604
"358",3,39,"Adolescent","Cocaine",2009,2,0.0252334090335604
"359",3,39,"Adolescent","Cocaine",2010,4,0.0504668180671209
"360",3,39,"Adolescent","Cocaine",2011,1,0.0126167045167802
"361",3,39,"Adolescent","Cocaine",2012,1,0.0126167045167802
"362",3,39,"Adolescent","Cocaine",2014,2,0.0252334090335604
"363",3,41,"Adolescent","All",2009,4,0.0504668180671209
"364",3,41,"Adolescent","All",2010,5,0.0630835225839011
"365",3,41,"Adolescent","All",2011,4,0.0504668180671209
"366",3,41,"Adolescent","All",2012,5,0.0630835225839011
"367",3,41,"Adolescent","All",2013,3,0.0378501135503407
"368",3,41,"Adolescent","All",2014,11,0.138783749684582
"369",3,41,"Adolescent","All",2015,4,0.0504668180671209
"370",3,41,"Adolescent","Cocaine",2009,4,0.0504668180671209
"371",3,41,"Adolescent","Cocaine",2010,4,0.0504668180671209
"372",3,41,"Adolescent","Cocaine",2011,6,0.0757002271006813
"373",3,41,"Adolescent","Cocaine",2012,4,0.0504668180671209
"374",3,41,"Adolescent","Cocaine",2013,1,0.0126167045167802
"375",3,41,"Adolescent","Cocaine",2014,2,0.0252334090335604
"376",3,41,"Adolescent","Cocaine",2015,2,0.0252334090335604
"377",3,42,"Adolescent","All",2009,5,0.0630835225839011
"378",3,42,"Adolescent","All",2010,6,0.0757002271006813
"379",3,42,"Adolescent","All",2011,5,0.0630835225839011
"380",3,42,"Adolescent","All",2012,7,0.0883169316174615
"381",3,42,"Adolescent","All",2013,6,0.0757002271006813
"382",3,42,"Adolescent","All",2014,6,0.0757002271006813
"383",3,42,"Adolescent","All",2015,3,0.0378501135503407
"384",3,42,"Adolescent","Cocaine",2009,6,0.0757002271006813
"385",3,42,"Adolescent","Cocaine",2010,5,0.0630835225839011
"386",3,42,"Adolescent","Cocaine",2011,10,0.126167045167802
"387",3,42,"Adolescent","Cocaine",2012,6,0.0757002271006813
"388",3,42,"Adolescent","Cocaine",2013,5,0.0630835225839011
"389",3,42,"Adolescent","Cocaine",2014,5,0.0630835225839011
"390",3,42,"Adolescent","Cocaine",2015,3,0.0378501135503407
"391",3,43,"Adolescent","All",2010,3,0.0378501135503407
"392",3,43,"Adolescent","All",2011,1,0.0126167045167802
"393",3,43,"Adolescent","All",2012,6,0.0757002271006813
"394",3,43,"Adolescent","All",2013,1,0.0126167045167802
"395",3,43,"Adolescent","All",2014,4,0.0504668180671209
"396",3,43,"Adolescent","All",2015,2,0.0252334090335604
"397",3,43,"Adolescent","Cocaine",2010,1,0.0126167045167802
"398",3,43,"Adolescent","Cocaine",2011,1,0.0126167045167802
"399",3,43,"Adolescent","Cocaine",2013,1,0.0126167045167802
"400",3,43,"Adolescent","Cocaine",2014,1,0.0126167045167802
"401",3,43,"Adolescent","Cocaine",2015,1,0.0126167045167802
"402",3,44,"Adolescent","All",2009,1,0.0126167045167802
"403",3,44,"Adolescent","All",2010,6,0.0757002271006813
"404",3,44,"Adolescent","All",2011,9,0.113550340651022
"405",3,44,"Adolescent","All",2012,10,0.126167045167802
"406",3,44,"Adolescent","All",2013,8,0.100933636134242
"407",3,44,"Adolescent","All",2014,10,0.126167045167802
"408",3,44,"Adolescent","All",2015,10,0.126167045167802
"409",3,44,"Adolescent","Cocaine",2009,2,0.0252334090335604
"410",3,44,"Adolescent","Cocaine",2010,9,0.113550340651022
"411",3,44,"Adolescent","Cocaine",2011,3,0.0378501135503407
"412",3,44,"Adolescent","Cocaine",2012,4,0.0504668180671209
"413",3,44,"Adolescent","Cocaine",2014,6,0.0757002271006813
"414",3,44,"Adolescent","Cocaine",2015,8,0.100933636134242
"415",3,46,"Adolescent","All",2009,2,0.0252334090335604
"416",3,46,"Adolescent","All",2010,3,0.0378501135503407
"417",3,46,"Adolescent","All",2011,2,0.0252334090335604
"418",3,46,"Adolescent","All",2012,3,0.0378501135503407
"419",3,46,"Adolescent","All",2013,7,0.0883169316174615
"420",3,46,"Adolescent","All",2014,5,0.0630835225839011
"421",3,46,"Adolescent","All",2015,1,0.0126167045167802
"422",3,46,"Adolescent","Cocaine",2011,2,0.0252334090335604
"423",3,46,"Adolescent","Cocaine",2012,2,0.0252334090335604
"424",3,46,"Adolescent","Cocaine",2013,2,0.0252334090335604
"425",3,46,"Adolescent","Cocaine",2015,1,0.0126167045167802
"426",3,47,"Adolescent","All",2009,1,0.0126167045167802
"427",3,47,"Adolescent","All",2010,3,0.0378501135503407
"428",3,47,"Adolescent","All",2011,11,0.138783749684582
"429",3,47,"Adolescent","All",2012,9,0.113550340651022
"430",3,47,"Adolescent","All",2013,9,0.113550340651022
"431",3,47,"Adolescent","All",2014,11,0.138783749684582
"432",3,47,"Adolescent","All",2015,11,0.138783749684582
"433",3,47,"Adolescent","Cocaine",2009,4,0.0504668180671209
"434",3,47,"Adolescent","Cocaine",2010,1,0.0126167045167802
"435",3,47,"Adolescent","Cocaine",2011,4,0.0504668180671209
"436",3,47,"Adolescent","Cocaine",2012,7,0.0883169316174615
"437",3,47,"Adolescent","Cocaine",2013,6,0.0757002271006813
"438",3,47,"Adolescent","Cocaine",2014,8,0.100933636134242
"439",3,47,"Adolescent","Cocaine",2015,6,0.0757002271006813
"440",3,48,"Adolescent","All",2009,7,0.0883169316174615
"441",3,48,"Adolescent","All",2010,11,0.138783749684582
"442",3,48,"Adolescent","All",2011,21,0.264950794852385
"443",3,48,"Adolescent","All",2012,16,0.201867272268483
"444",3,48,"Adolescent","All",2013,1,0.0126167045167802
"445",3,48,"Adolescent","All",2014,8,0.100933636134242
"446",3,48,"Adolescent","All",2015,13,0.164017158718143
"447",3,48,"Adolescent","Cocaine",2009,3,0.0378501135503407
"448",3,48,"Adolescent","Cocaine",2010,4,0.0504668180671209
"449",3,48,"Adolescent","Cocaine",2011,4,0.0504668180671209
"450",3,48,"Adolescent","Cocaine",2012,5,0.0630835225839011
"451",3,48,"Adolescent","Cocaine",2014,1,0.0126167045167802
"452",3,48,"Adolescent","Cocaine",2015,1,0.0126167045167802
"453",3,49,"Adolescent","All",2009,52,0.656068634872571
"454",3,49,"Adolescent","All",2010,90,1.13550340651022
"455",3,49,"Adolescent","All",2011,85,1.07241988392632
"456",3,49,"Adolescent","All",2012,91,1.148120111027
"457",3,49,"Adolescent","All",2013,54,0.681302043906132
"458",3,49,"Adolescent","All",2014,65,0.820085793590714
"459",3,49,"Adolescent","All",2015,33,0.416351249053747
"460",3,49,"Adolescent","Cocaine",2009,59,0.744385566490033
"461",3,49,"Adolescent","Cocaine",2010,87,1.09765329295988
"462",3,49,"Adolescent","Cocaine",2011,82,1.03456977037598
"463",3,49,"Adolescent","Cocaine",2012,69,0.870552611657835
"464",3,49,"Adolescent","Cocaine",2013,26,0.328034317436286
"465",3,49,"Adolescent","Cocaine",2014,35,0.441584658087308
"466",3,49,"Adolescent","Cocaine",2015,18,0.227100681302044
"467",4,6,"Adolescent","Cocaine",2009,1,0.0126167045167802
"468",4,7,"Adolescent","All",2013,1,0.0126167045167802
"469",4,52,"Adolescent","All",2009,10,0.126167045167802
"470",4,52,"Adolescent","All",2010,20,0.252334090335604
"471",4,52,"Adolescent","All",2011,16,0.201867272268483
"472",4,52,"Adolescent","All",2012,19,0.239717385818824
"473",4,52,"Adolescent","All",2013,13,0.164017158718143
"474",4,52,"Adolescent","All",2014,21,0.264950794852385
"475",4,52,"Adolescent","All",2015,10,0.126167045167802
"476",4,52,"Adolescent","Cocaine",2009,6,0.0757002271006813
"477",4,52,"Adolescent","Cocaine",2010,5,0.0630835225839011
"478",4,52,"Adolescent","Cocaine",2011,12,0.151400454201363
"479",4,52,"Adolescent","Cocaine",2012,7,0.0883169316174615
"480",4,52,"Adolescent","Cocaine",2013,5,0.0630835225839011
"481",4,52,"Adolescent","Cocaine",2014,4,0.0504668180671209
"482",4,52,"Adolescent","Cocaine",2015,3,0.0378501135503407
"483",4,53,"Adolescent","All",2009,4,0.0504668180671209
"484",4,53,"Adolescent","All",2010,8,0.100933636134242
"485",4,53,"Adolescent","All",2011,17,0.214483976785264
"486",4,53,"Adolescent","All",2012,11,0.138783749684582
"487",4,53,"Adolescent","All",2013,11,0.138783749684582
"488",4,53,"Adolescent","All",2014,17,0.214483976785264
"489",4,53,"Adolescent","All",2015,7,0.0883169316174615
"490",4,53,"Adolescent","Cocaine",2009,4,0.0504668180671209
"491",4,53,"Adolescent","Cocaine",2010,7,0.0883169316174615
"492",4,53,"Adolescent","Cocaine",2011,9,0.113550340651022
"493",4,53,"Adolescent","Cocaine",2012,13,0.164017158718143
"494",4,53,"Adolescent","Cocaine",2013,10,0.126167045167802
"495",4,53,"Adolescent","Cocaine",2014,9,0.113550340651022
"496",4,53,"Adolescent","Cocaine",2015,3,0.0378501135503407
"497",4,54,"Adolescent","All",2009,2,0.0252334090335604
"498",4,54,"Adolescent","All",2010,2,0.0252334090335604
"499",4,54,"Adolescent","All",2011,10,0.126167045167802
"500",4,54,"Adolescent","All",2012,8,0.100933636134242
"501",4,54,"Adolescent","All",2013,17,0.214483976785264
"502",4,54,"Adolescent","All",2014,11,0.138783749684582
"503",4,54,"Adolescent","All",2015,5,0.0630835225839011
"504",4,54,"Adolescent","Cocaine",2011,2,0.0252334090335604
"505",4,54,"Adolescent","Cocaine",2012,1,0.0126167045167802
"506",4,54,"Adolescent","Cocaine",2013,1,0.0126167045167802
"507",4,54,"Adolescent","Cocaine",2014,1,0.0126167045167802
"508",4,54,"Adolescent","Cocaine",2015,2,0.0252334090335604
"509",4,55,"Adolescent","All",2009,2,0.0252334090335604
"510",4,55,"Adolescent","All",2010,5,0.0630835225839011
"511",4,55,"Adolescent","All",2011,6,0.0757002271006813
"512",4,55,"Adolescent","All",2012,6,0.0757002271006813
"513",4,55,"Adolescent","All",2013,12,0.151400454201363
"514",4,55,"Adolescent","Cocaine",2010,4,0.0504668180671209
"515",4,55,"Adolescent","Cocaine",2011,2,0.0252334090335604
"516",4,55,"Adolescent","Cocaine",2012,2,0.0252334090335604
"517",4,55,"Adolescent","Cocaine",2013,1,0.0126167045167802
"518",4,56,"Adolescent","All",2009,3,0.0378501135503407
"519",4,56,"Adolescent","All",2010,4,0.0504668180671209
"520",4,56,"Adolescent","All",2011,9,0.113550340651022
"521",4,56,"Adolescent","All",2012,9,0.113550340651022
"522",4,56,"Adolescent","All",2013,15,0.189250567751703
"523",4,56,"Adolescent","All",2014,15,0.189250567751703
"524",4,56,"Adolescent","All",2015,4,0.0504668180671209
"525",4,56,"Adolescent","Cocaine",2009,1,0.0126167045167802
"526",4,56,"Adolescent","Cocaine",2010,2,0.0252334090335604
"527",4,56,"Adolescent","Cocaine",2011,3,0.0378501135503407
"528",4,56,"Adolescent","Cocaine",2012,1,0.0126167045167802
"529",4,56,"Adolescent","Cocaine",2013,1,0.0126167045167802
"530",4,56,"Adolescent","Cocaine",2015,2,0.0252334090335604
"531",4,57,"Adolescent","All",2009,13,0.164017158718143
"532",4,57,"Adolescent","All",2010,16,0.201867272268483
"533",4,57,"Adolescent","All",2011,17,0.214483976785264
"534",4,57,"Adolescent","All",2012,20,0.252334090335604
"535",4,57,"Adolescent","All",2013,10,0.126167045167802
"536",4,57,"Adolescent","All",2014,11,0.138783749684582
"537",4,57,"Adolescent","All",2015,2,0.0252334090335604
"538",4,57,"Adolescent","Cocaine",2009,15,0.189250567751703
"539",4,57,"Adolescent","Cocaine",2010,18,0.227100681302044
"540",4,57,"Adolescent","Cocaine",2011,22,0.277567499369165
"541",4,57,"Adolescent","Cocaine",2012,17,0.214483976785264
"542",4,57,"Adolescent","Cocaine",2013,5,0.0630835225839011
"543",4,57,"Adolescent","Cocaine",2014,4,0.0504668180671209
"544",4,57,"Adolescent","Cocaine",2015,2,0.0252334090335604
"545",4,58,"Adolescent","All",2009,7,0.0883169316174615
"546",4,58,"Adolescent","All",2010,11,0.138783749684582
"547",4,58,"Adolescent","All",2011,8,0.100933636134242
"548",4,58,"Adolescent","All",2012,9,0.113550340651022
"549",4,58,"Adolescent","All",2013,8,0.100933636134242
"550",4,58,"Adolescent","All",2014,8,0.100933636134242
"551",4,58,"Adolescent","All",2015,5,0.0630835225839011
"552",4,58,"Adolescent","Cocaine",2010,2,0.0252334090335604
"553",4,58,"Adolescent","Cocaine",2011,6,0.0757002271006813
"554",4,58,"Adolescent","Cocaine",2012,1,0.0126167045167802
"555",4,58,"Adolescent","Cocaine",2014,1,0.0126167045167802
"556",4,58,"Adolescent","Cocaine",2015,2,0.0252334090335604
"557",4,59,"Adolescent","All",2010,2,0.0252334090335604
"558",4,59,"Adolescent","All",2011,1,0.0126167045167802
"559",4,59,"Adolescent","All",2012,2,0.0252334090335604
"560",4,59,"Adolescent","All",2013,3,0.0378501135503407
"561",4,59,"Adolescent","All",2014,1,0.0126167045167802
"562",4,59,"Adolescent","Cocaine",2009,1,0.0126167045167802
"563",4,59,"Adolescent","Cocaine",2010,1,0.0126167045167802
"564",4,61,"Adolescent","All",2009,1,0.0126167045167802
"565",4,61,"Adolescent","All",2011,3,0.0378501135503407
"566",4,61,"Adolescent","All",2013,1,0.0126167045167802
"567",4,61,"Adolescent","All",2015,1,0.0126167045167802
"568",4,61,"Adolescent","Cocaine",2010,1,0.0126167045167802
"569",4,62,"Adolescent","All",2009,90,1.13550340651022
"570",4,62,"Adolescent","All",2010,229,2.88922533434267
"571",4,62,"Adolescent","All",2011,161,2.03128942720162
"572",4,62,"Adolescent","All",2012,158,1.99343931365127
"573",4,62,"Adolescent","All",2013,148,1.86727226848347
"574",4,62,"Adolescent","All",2014,104,1.31213726974514
"575",4,62,"Adolescent","All",2015,35,0.441584658087308
"576",4,62,"Adolescent","Cocaine",2009,28,0.353267726469846
"577",4,62,"Adolescent","Cocaine",2010,32,0.403734544536967
"578",4,62,"Adolescent","Cocaine",2011,47,0.59298511228867
"579",4,62,"Adolescent","Cocaine",2012,46,0.58036840777189
"580",4,62,"Adolescent","Cocaine",2013,32,0.403734544536967
"581",4,62,"Adolescent","Cocaine",2014,34,0.428967953570527
"582",4,62,"Adolescent","Cocaine",2015,13,0.164017158718143
"583",4,63,"Adolescent","All",2010,1,0.0126167045167802
"584",4,63,"Adolescent","All",2014,2,0.0252334090335604
"585",4,64,"Adolescent","All",2009,13,0.164017158718143
"586",4,64,"Adolescent","All",2010,18,0.227100681302044
"587",4,64,"Adolescent","All",2011,17,0.214483976785264
"588",4,64,"Adolescent","All",2012,26,0.328034317436286
"589",4,64,"Adolescent","All",2013,30,0.378501135503407
"590",4,64,"Adolescent","All",2014,23,0.290184203885945
"591",4,64,"Adolescent","All",2015,19,0.239717385818824
"592",4,64,"Adolescent","Cocaine",2009,2,0.0252334090335604
"593",4,64,"Adolescent","Cocaine",2010,4,0.0504668180671209
"594",4,64,"Adolescent","Cocaine",2011,8,0.100933636134242
"595",4,64,"Adolescent","Cocaine",2012,4,0.0504668180671209
"596",4,64,"Adolescent","Cocaine",2013,1,0.0126167045167802
"597",4,64,"Adolescent","Cocaine",2014,1,0.0126167045167802
"598",4,64,"Adolescent","Cocaine",2015,3,0.0378501135503407
"599",4,65,"Adolescent","All",2009,14,0.176633863234923
"600",4,65,"Adolescent","All",2010,29,0.365884430986626
"601",4,65,"Adolescent","All",2011,48,0.60560181680545
"602",4,65,"Adolescent","All",2012,47,0.59298511228867
"603",4,65,"Adolescent","All",2013,58,0.731768861973253
"604",4,65,"Adolescent","All",2014,34,0.428967953570527
"605",4,65,"Adolescent","All",2015,24,0.302800908402725
"606",4,65,"Adolescent","Cocaine",2009,3,0.0378501135503407
"607",4,65,"Adolescent","Cocaine",2010,3,0.0378501135503407
"608",4,65,"Adolescent","Cocaine",2011,9,0.113550340651022
"609",4,65,"Adolescent","Cocaine",2012,7,0.0883169316174615
"610",4,65,"Adolescent","Cocaine",2013,7,0.0883169316174615
"611",4,65,"Adolescent","Cocaine",2014,12,0.151400454201363
"612",4,65,"Adolescent","Cocaine",2015,8,0.100933636134242
"613",5,1,"Adolescent","All",2009,5,0.0630835225839011
"614",5,1,"Adolescent","All",2010,2,0.0252334090335604
"615",5,1,"Adolescent","All",2011,2,0.0252334090335604
"616",5,1,"Adolescent","All",2012,3,0.0378501135503407
"617",5,1,"Adolescent","All",2013,7,0.0883169316174615
"618",5,1,"Adolescent","All",2014,4,0.0504668180671209
"619",5,1,"Adolescent","Cocaine",2009,1,0.0126167045167802
"620",5,1,"Adolescent","Cocaine",2010,4,0.0504668180671209
"621",5,1,"Adolescent","Cocaine",2011,4,0.0504668180671209
"622",5,1,"Adolescent","Cocaine",2012,5,0.0630835225839011
"623",5,1,"Adolescent","Cocaine",2013,2,0.0252334090335604
"624",5,1,"Adolescent","Cocaine",2014,5,0.0630835225839011
"625",5,1,"Adolescent","Cocaine",2015,1,0.0126167045167802
"626",5,4,"Adolescent","All",2010,1,0.0126167045167802
"627",5,4,"Adolescent","All",2011,1,0.0126167045167802
"628",5,4,"Adolescent","All",2012,1,0.0126167045167802
"629",5,4,"Adolescent","All",2013,1,0.0126167045167802
"630",5,4,"Adolescent","All",2014,3,0.0378501135503407
"631",5,4,"Adolescent","Cocaine",2011,1,0.0126167045167802
"632",5,4,"Adolescent","Cocaine",2015,1,0.0126167045167802
"633",5,5,"Adolescent","Cocaine",2010,1,0.0126167045167802
"634",5,6,"Adolescent","Cocaine",2010,1,0.0126167045167802
"635",5,11,"Adolescent","All",2010,1,0.0126167045167802
"636",5,11,"Adolescent","Cocaine",2010,2,0.0252334090335604
"637",5,11,"Adolescent","Cocaine",2011,1,0.0126167045167802
"638",5,12,"Adolescent","All",2010,3,0.0378501135503407
"639",5,12,"Adolescent","All",2011,1,0.0126167045167802
"640",5,12,"Adolescent","Cocaine",2009,1,0.0126167045167802
"641",5,12,"Adolescent","Cocaine",2011,1,0.0126167045167802
"642",5,12,"Adolescent","Cocaine",2012,1,0.0126167045167802
"643",5,12,"Adolescent","Cocaine",2013,1,0.0126167045167802
"644",5,13,"Adolescent","All",2009,1,0.0126167045167802
"645",5,13,"Adolescent","All",2011,1,0.0126167045167802
"646",5,13,"Adolescent","All",2012,1,0.0126167045167802
"647",5,13,"Adolescent","Cocaine",2009,1,0.0126167045167802
"648",5,13,"Adolescent","Cocaine",2010,1,0.0126167045167802
"649",5,13,"Adolescent","Cocaine",2011,1,0.0126167045167802
"650",5,13,"Adolescent","Cocaine",2012,1,0.0126167045167802
"651",5,16,"Adolescent","All",2009,1,0.0126167045167802
"652",5,16,"Adolescent","All",2010,1,0.0126167045167802
"653",5,16,"Adolescent","All",2011,1,0.0126167045167802
"654",5,16,"Adolescent","All",2012,1,0.0126167045167802
"655",5,16,"Adolescent","All",2014,2,0.0252334090335604
"656",5,16,"Adolescent","Cocaine",2010,3,0.0378501135503407
"657",5,16,"Adolescent","Cocaine",2012,1,0.0126167045167802
"658",5,16,"Adolescent","Cocaine",2013,2,0.0252334090335604
"659",5,17,"Adolescent","All",2009,3,0.0378501135503407
"660",5,17,"Adolescent","All",2010,7,0.0883169316174615
"661",5,17,"Adolescent","All",2011,5,0.0630835225839011
"662",5,17,"Adolescent","All",2012,3,0.0378501135503407
"663",5,17,"Adolescent","All",2013,2,0.0252334090335604
"664",5,17,"Adolescent","All",2014,2,0.0252334090335604
"665",5,17,"Adolescent","Cocaine",2009,1,0.0126167045167802
"666",5,17,"Adolescent","Cocaine",2010,3,0.0378501135503407
"667",5,17,"Adolescent","Cocaine",2012,3,0.0378501135503407
"668",5,17,"Adolescent","Cocaine",2013,1,0.0126167045167802
"669",5,17,"Adolescent","Cocaine",2014,2,0.0252334090335604
"670",5,18,"Adolescent","All",2010,2,0.0252334090335604
"671",5,18,"Adolescent","All",2013,2,0.0252334090335604
"672",5,18,"Adolescent","All",2014,1,0.0126167045167802
"673",5,18,"Adolescent","Cocaine",2011,1,0.0126167045167802
"674",5,19,"Adolescent","All",2009,4,0.0504668180671209
"675",5,19,"Adolescent","All",2010,6,0.0757002271006813
"676",5,19,"Adolescent","All",2011,2,0.0252334090335604
"677",5,19,"Adolescent","All",2012,1,0.0126167045167802
"678",5,19,"Adolescent","All",2014,1,0.0126167045167802
"679",5,19,"Adolescent","Cocaine",2010,7,0.0883169316174615
"680",5,19,"Adolescent","Cocaine",2011,3,0.0378501135503407
"681",5,19,"Adolescent","Cocaine",2012,4,0.0504668180671209
"682",5,19,"Adolescent","Cocaine",2013,4,0.0504668180671209
"683",5,20,"Adolescent","All",2010,1,0.0126167045167802
"684",5,20,"Adolescent","All",2011,2,0.0252334090335604
"685",5,20,"Adolescent","Cocaine",2010,1,0.0126167045167802
"686",5,20,"Adolescent","Cocaine",2011,2,0.0252334090335604
"687",5,20,"Adolescent","Cocaine",2012,1,0.0126167045167802
"688",5,22,"Adolescent","All",2011,1,0.0126167045167802
"689",5,22,"Adolescent","All",2013,1,0.0126167045167802
"690",5,22,"Adolescent","All",2015,1,0.0126167045167802
"691",5,23,"Adolescent","All",2014,1,0.0126167045167802
"692",5,24,"Adolescent","All",2010,3,0.0378501135503407
"693",5,24,"Adolescent","All",2011,1,0.0126167045167802
"694",5,24,"Adolescent","All",2013,3,0.0378501135503407
"695",5,25,"Adolescent","All",2010,2,0.0252334090335604
"696",5,25,"Adolescent","All",2011,1,0.0126167045167802
"697",5,25,"Adolescent","All",2012,1,0.0126167045167802
"698",5,25,"Adolescent","All",2014,1,0.0126167045167802
"699",5,25,"Adolescent","All",2015,2,0.0252334090335604
"700",5,28,"Adolescent","All",2010,1,0.0126167045167802
"701",5,33,"Adolescent","All",2010,1,0.0126167045167802
"702",5,33,"Adolescent","All",2012,1,0.0126167045167802
"703",5,33,"Adolescent","Cocaine",2010,2,0.0252334090335604
"704",5,34,"Adolescent","Cocaine",2009,1,0.0126167045167802
"705",5,34,"Adolescent","Cocaine",2011,2,0.0252334090335604
"706",5,34,"Adolescent","Cocaine",2012,1,0.0126167045167802
"707",5,35,"Adolescent","All",2011,1,0.0126167045167802
"708",5,35,"Adolescent","All",2013,2,0.0252334090335604
"709",5,35,"Adolescent","Cocaine",2010,1,0.0126167045167802
"710",5,36,"Adolescent","Cocaine",2010,2,0.0252334090335604
"711",5,36,"Adolescent","Cocaine",2011,2,0.0252334090335604
"712",5,36,"Adolescent","Cocaine",2012,2,0.0252334090335604
"713",5,37,"Adolescent","All",2011,1,0.0126167045167802
"714",5,37,"Adolescent","All",2015,1,0.0126167045167802
"715",5,37,"Adolescent","Cocaine",2010,1,0.0126167045167802
"716",5,37,"Adolescent","Cocaine",2012,2,0.0252334090335604
"717",5,38,"Adolescent","All",2010,5,0.0630835225839011
"718",5,38,"Adolescent","All",2011,4,0.0504668180671209
"719",5,38,"Adolescent","All",2013,3,0.0378501135503407
"720",5,38,"Adolescent","All",2014,2,0.0252334090335604
"721",5,38,"Adolescent","Cocaine",2009,1,0.0126167045167802
"722",5,38,"Adolescent","Cocaine",2010,7,0.0883169316174615
"723",5,38,"Adolescent","Cocaine",2011,10,0.126167045167802
"724",5,38,"Adolescent","Cocaine",2012,4,0.0504668180671209
"725",5,38,"Adolescent","Cocaine",2013,5,0.0630835225839011
"726",5,38,"Adolescent","Cocaine",2014,4,0.0504668180671209
"727",5,39,"Adolescent","All",2011,2,0.0252334090335604
"728",5,39,"Adolescent","Cocaine",2010,1,0.0126167045167802
"729",5,41,"Adolescent","Cocaine",2011,1,0.0126167045167802
"730",5,42,"Adolescent","All",2010,1,0.0126167045167802
"731",5,42,"Adolescent","All",2011,2,0.0252334090335604
"732",5,42,"Adolescent","Cocaine",2010,1,0.0126167045167802
"733",5,42,"Adolescent","Cocaine",2011,1,0.0126167045167802
"734",5,43,"Adolescent","All",2013,2,0.0252334090335604
"735",5,43,"Adolescent","Cocaine",2012,1,0.0126167045167802
"736",5,44,"Adolescent","All",2011,1,0.0126167045167802
"737",5,44,"Adolescent","Cocaine",2014,1,0.0126167045167802
"738",5,46,"Adolescent","All",2010,1,0.0126167045167802
"739",5,46,"Adolescent","All",2013,1,0.0126167045167802
"740",5,49,"Adolescent","All",2011,2,0.0252334090335604
"741",5,49,"Adolescent","All",2012,2,0.0252334090335604
"742",5,49,"Adolescent","All",2013,1,0.0126167045167802
"743",5,49,"Adolescent","All",2014,1,0.0126167045167802
"744",5,49,"Adolescent","Cocaine",2010,1,0.0126167045167802
"745",5,49,"Adolescent","Cocaine",2011,4,0.0504668180671209
"746",5,49,"Adolescent","Cocaine",2013,1,0.0126167045167802
"747",5,52,"Adolescent","All",2010,2,0.0252334090335604
"748",5,52,"Adolescent","All",2011,2,0.0252334090335604
"749",5,52,"Adolescent","All",2012,1,0.0126167045167802
"750",5,52,"Adolescent","All",2013,2,0.0252334090335604
"751",5,52,"Adolescent","All",2014,1,0.0126167045167802
"752",5,52,"Adolescent","Cocaine",2014,1,0.0126167045167802
"753",5,53,"Adolescent","Cocaine",2011,1,0.0126167045167802
"754",5,57,"Adolescent","All",2010,1,0.0126167045167802
"755",5,57,"Adolescent","All",2011,1,0.0126167045167802
"756",5,57,"Adolescent","Cocaine",2011,1,0.0126167045167802
"757",5,58,"Adolescent","All",2011,1,0.0126167045167802
"758",5,58,"Adolescent","All",2012,1,0.0126167045167802
"759",5,58,"Adolescent","All",2013,1,0.0126167045167802
"760",5,58,"Adolescent","Cocaine",2013,1,0.0126167045167802
"761",5,62,"Adolescent","All",2009,2,0.0252334090335604
"762",5,62,"Adolescent","All",2010,3,0.0378501135503407
"763",5,62,"Adolescent","All",2011,2,0.0252334090335604
"764",5,62,"Adolescent","All",2012,2,0.0252334090335604
"765",5,62,"Adolescent","All",2013,1,0.0126167045167802
"766",5,62,"Adolescent","All",2014,1,0.0126167045167802
"767",5,64,"Adolescent","All",2010,1,0.0126167045167802
"768",5,64,"Adolescent","All",2015,1,0.0126167045167802
"769",5,65,"Adolescent","All",2011,2,0.0252334090335604
"770",5,65,"Adolescent","All",2012,2,0.0252334090335604
"771",5,65,"Adolescent","All",2013,1,0.0126167045167802
"772",5,65,"Adolescent","Cocaine",2011,1,0.0126167045167802
"773",5,65,"Adolescent","Cocaine",2012,1,0.0126167045167802
